identifier,container_number,description_sequence_number,piece_count,description_text
201801010,FCIU9250931,1,21,RUBBER NUT-INSERT 1 PLT S.T.C. 21 CTNS .
201801011,EITU1595313,1,3,CAST IRON PARTS
201801012,FCIU9250931,1,59,INVOICE NO TS17010195-1MIEMH STEEL CARRIAGE . .
201801013,BMOU5389685,1,168,4 PLTS S.T.C. 168 CTNS COMPONENTS FOR AUTOMOT .
201801014,EMCU5289450,1,9,PLATE 1 PLT S.T.C. 9 CTNS .
201801015,EMCU1425938,1,224,COMPUTER ACCESSORIES P.O.NO 0603140918
201801016,IMTU9063752,1,95,10 PLTS S.T.C. 95 CTNS TOW HOOK SET HAND POWE .
201801017,EMCU9900438,1,349,TIRE GAUGE & ACCESSORIES
201801018,EMCU1425938,1,,PO17947 710170 REV.E ENCLOSURE TOP CONTROLLE M CONTROLLER BOARD 1 PLT S.T.C. 20 CTNS .
201801019,EITU1276023,1,2,METAL ACCESSORIES
2018010110,EITU1595313,1,93,RUBBER O RING 5 PLTS S.T.C. 93 CTNS
2018010111,EITU1572724,1,83,PLASTIC MOLDED PARTS 3 W/PLTS S.T.C 83 CTNS
2018010112,EITU1276023,1,17,METAL BUCKLES
2018010113,EITU1595313,1,28,RUBBER PARTS 2 PLTS S.T.C. 28 CTNS
2018010114,EMCU5303563,1,12,"WOVEN FABRICS,NYLON6/SPANDEX=85/15,48"""
2018010115,EITU1583863,1,5,S/C NO. PI161214003 ITEM NO. AG-5117 (5117) RE ROPE MATERIAL 316 STAINLESS STEEL PRODUC TION METHOD ONE-PIECE HS CODE 8302
2018010116,EITU1572724,1,1,MICROPHONE PARTS 4 PLTS S.T.C. 170 CTNS
2018010117,EITU1583863,1,22,RUBBER O RING 1 PLT S.T.C. 22 CTNS
2018010118,EMCU5256923,1,,BICYCLE PARTS 10 PLTS S.T.C. 90 BOX
2018010119,EITU1276023,1,3,METAL BUCKLES 1 PLT S.T.C. 3 CTNS
2018010120,EITU1595313,1,2,"P/I NO.SO05070033, ORDER NO. 1076328 P/I NO YNGEAL AIRWAY BESMED FDA REGISTRATION NUMBER 9710567 DEVICE LISTING NUMBERE639859"
2018010121,EMCU5289450,1,12,DEFECT METAL TUBES FROM PO5173. ITEM NO50128
2018010122,EITU1583863,1,166,AIRSOFT GUNS-REPLICA GUNS
2018010123,TEMU6045245,1,1,PO-0014 BICYCLE PUMP HS CODE841420 .
2018010124,EMCU1425938,1,59,POWER SUPPLY UNIT .
2018010125,EITU1814685,1,192,EMPTY COSMETIC CASES
2018010126,EMCU1425938,1,6,SPRING BALANCER
2018010127,TGHU0209174,1,16,ITEM Q-TY PMMA RESIN IG840 16MTS TOTAL - 16.00MT . HS CODE.3906.10
2018010128,TGHU0209174,1,16,ITEM Q-TY PMMA RESIN IG840 16MTS TOTAL - 16.00MT HS CODE.3906.10
2018010129,GESU1188350,1,7,07 PACKAGES POLISH MARBLE SLABS INV NO-RSG-117-2017-18 DT-15.07.2017 HS CODE-68022190 NET WT - 24500.00 KGS ;
2018010129,GESU1188350,1,,"NAME, ADDRESS AND TELEPHONE NUMBER OF LOCAL OFFICE AT PORT OF DESTINATION APL LIMITED 26 CENTURY BOULEVARD SUITE 405 NASHVILLE TENNESSEE 37214 TEL- -1- -800- 999 7733 EMAIL- APL_US_CS@APL.COM"
2018010130,TRLU3909530,1,8,8 PACKAGES POLISHED GRANITE - MARBLE SLABS RANDOM INV NO - PGM-003 DT - 20.07.2017 SB NO - 7482178 DT - 20.07.2017 HS CODE - 68022390 - 25151220 NET WT - 24500.00
2018010130,TRLU3909530,1,,"SELF AMS FILING OUR SCSC CODE - ATGA ; NAME, ADDRESS AND TELEPHONE NUMBER OF LOCAL OFFICE AT PORT OF DESTINATION APL LIMITED 26 CENTURY BOULEVARD SUITE 405"
2018010130,TRLU3909530,1,,NASHVILLE TENNESSEE 37214 TEL- -1- -800- 999 7733 EMAIL- APL_US_CS@APL.COM
2018010131,NC,1,1,HSFO BUNKER FUEL
2018010132,TCLU8471480,1,3,BARRIER TRAP SEALING
2018010133,APZU3612293,1,8,"08 PACKAGES ENGINEERED QUARTZ STONE INV NO-PQS-008 DT-26.07.2017 SB NO -7613002 DT-26.07.2017 NETWT -24500.00 KGS ; NAME, ADDRESS AND TELEPHONE"
2018010133,APZU3612293,1,,NUMBER OF LOCAL OFFICE AT PORT OF DESTINATION APL LIMITED 26 CENTURY BOULEVARD SUITE 405 NASHVILLE TENNESSEE 37214 TEL- -1- -800- 999 7733 EMAIL- APL_US_CS@APL.COM
2018010134,TCKU1840486,1,,MUSK YINGHAI 50 IN IPM DIMETHYL BENZYL CARBI .
2018010135,FCIU3599588,1,6,ERYTHORBIC ACID FCCVI
2018010136,TRHU1793320,1,1,99.995 SF6 GAS
2018010136,GLDU5733188,1,1,99.995 SF6 GAS
2018010137,TRLU2761541,1,192,GALVANIZED STEEL CABLE
2018010138,DFSU2333642,1,,ALDEHYDE C-18
2018010139,UACU4164334,1,0,ETHYL MALTOL
2018010140,TRLU7101685,1,4,PILLOW SHELL
2018010141,GESU5641927,1,2795,MEDICAL ACCESSORIES
2018010142,CMAU1920158,1,25,"25 WOODEN CRATES SLATE STONE TILES,SLATE STONE MOSAIC INV.NO-SE-17-18-EX-130 DT-28.07.2017 S.B.NO-7729639 DT-31.07.2017 HS.CODE.NO-25140000,68030000"
2018010142,CMAU1920158,1,,"NET WT-19250.00KGS SELF AMS FILING OUR SCAC CODE ATGA ; NAME, ADDRESS AND TELEPHONE NUMBER OF LOCAL OFFICE AT PORT OF DESTINATION APL LIMITED"
2018010142,CMAU1920158,1,,26 CENTURY BOULEVARD SUITE 405 NASHVILLE TENNESSEE 37214 TEL- -1- -800- 999 7733 EMAIL- APL_US_CS@APL.COM
2018010143,TEMU2550526,1,28,SLATE STONE/ MARBLE MOSAIC TILES
2018010144,APZU3522142,1,8,08 PACKAGES BROWN FANTASY POLISH MARBLE SLABS INV NO-RSG-155-2017-18 DT-17.08.2017 NET WT-25350.00 KGS SELF AMS FILING OUR SCAC CODE - ATGA
2018010144,APZU3522142,1,,"; NAME, ADDRESS AND TELEPHONE NUMBER OF LOCAL OFFICE AT PORT OF DESTINATION APL LIMITED 26 CENTURY BOULEVARD SUITE 405 NASHVILLE TENNESSEE 37214 TEL- -1- -800- 999 7733"
2018010144,APZU3522142,1,,EMAIL- APL_US_CS@APL.COM
2018010145,ECMU1597433,1,8,08 PACKAGES POLISHED GRANITE - MARBLE SLABS INV NO-MGMPL-46-2017-18 DT-17.08.2017 SB NO-8089409 DT-18.08.2017 HS CODE-68022390 - 68022190 NET WT-21170.00 KGS
2018010145,ECMU1597433,1,,"SELF AMS FILING OUR SCAC CODE - ATGA ; FREIGHT COLLECT ; NAME, ADDRESS AND TELEPHONE NUMBER OF LOCAL OFFICE AT PORT OF DESTINATION"
2018010145,ECMU1597433,1,,APL LIMITED 26 CENTURY BOULEVARD SUITE 405 NASHVILLE TENNESSEE 37214 TEL- -1- -800- 999 7733 EMAIL- APL_US_CS@APL.COM
2018010146,TCLU7463350,1,7,07 PACKAGES POLISHED MARBLE SLABS INV NO-5094-GSPL-17-18 DT-24.08.2017 S.B NO-8245897 DT-28.08.2017 H.S CODE NO.-68022190 NET WT-20930.00 KGS
2018010146,TCLU7463350,1,,"SELF AMS FILING OUR SCAC CODE - ATGA ; NAME, ADDRESS AND TELEPHONE NUMBER OF LOCAL OFFICE AT PORT OF DESTINATION APL LIMITED 26 CENTURY BOULEVARD SUITE 405"
2018010146,TCLU7463350,1,,NASHVILLE TENNESSEE 37214 TEL- -1- -800- 999 7733 EMAIL- APL_US_CS@APL.COM
2018010147,CMAU0551646,1,,20 WOODEN CRATES SLATE TILES INV NO-1437-ISIPL DT-29.07.2017 S.B NO-8063881 DT-17.08.2017 HS CODE-25140000 NET WT-14150.00 KGS SELF AMS FILING
2018010147,CMAU0551646,1,,OUR SCAC CODE - ATGA ; AGENT ADDRESS APL LIMITED 26 CENTURY BOULEVARD SUITE 405 NASHVILLE TENNESSEE 37214 TEL- -1- -800- 999 7733 EMAIL- APL_US_CS@APL.COM
2018010148,ECMU1721251,1,7,07 PACKAGES POLISHED GRANITE SLABS INV NO-5105-GSPL-17-18 DT-28.08.2017 S.B NO-8313067 DT-29.08.2017 HS CODE-68022390 NET WT-20430.00 KGS
2018010148,ECMU1721251,1,,"SELF AMS FILING OUR SCAC CODE ATGA ; NAME, ADDRESS AND TELEPHONE NUMBER OF LOCAL OFFICE AT PORT OF DESTINATION APL LIMITED 26 CENTURY BOULEVARD SUITE 405"
2018010148,ECMU1721251,1,,NASHVILLE TENNESSEE 37214 TEL- -1- -800- 999 7733 EMAIL- APL_US_CS@APL.COM
2018010149,CMAU0625559,1,23,23 PACKAGES NATURAL SLATE STONE THIN SHEETS INDIAN NATURAL LIME STONE TILES INV NO-SSU-04-05-2017-18 DT-28.08.2017 INV NO-SW-3741 DT-21.08.2017 SB NO-8289782 DT-28.08.2017
2018010149,CMAU0625559,1,,"SB NO-8280377 DT-28.08.2017 HS CODE-68030000 HS CODE-25162000 NET WT-16900.00 KGS SELF AMS FILING OUR SCAC CODE - ATGA ; NAME, ADDRESS AND TELEPHONE"
2018010149,CMAU0625559,1,,NUMBER OF LOCAL OFFICE AT PORT OF DESTINATION APL LIMITED 26 CENTURY BOULEVARD SUITE 405 NASHVILLE TENNESSEE 37214 TEL- -1- -800- 999 7733 EMAIL- APL_US_CS@APL.COM
2018010150,MAGU2353444,1,8,POLISHED GRANITE RANDOM SLABS
2018010151,TEMU2550526,1,28,28 PACKAGES SLATE STONE -MARBLE MOSAIC TILES INV NO-B-8039-2017-2018 DT-16.08.2017 SB NO-8085052 DT-18.08.207 NET WT-18190.00KGS SELF AMS FILING
2018010151,TEMU2550526,1,,"OUR SCAC CODE - ATGA ; FREIGHT COLLECT ; NAME, ADDRESS AND TELEPHONE NUMBER OF LOCAL OFFICE AT PORT OF DESTINATION APL LIMITED"
2018010151,TEMU2550526,1,,26 CENTURY BOULEVARD SUITE 405 NASHVILLE TENNESSEE 37214 TEL- -1- -800- 999 7733 EMAIL- APL_US_CS@APL.COM
2018010152,CMAU4728473,1,32,CERAMIC PRODUCTS OF PORCELAIN ARTICLES
2018010152,CMAU4992526,1,32,CERAMIC PRODUCTS OF PORCELAIN ARTICLES
2018010153,TCLU7372944,1,7,07 PACKAGES POLISHED MARBLE SLABS INV NO-MSI-002-2017-18 DT-26.08.207 SB NO-8282063 DT-28.08.2017 NET WT-24400.00 HS CODE -68022190 SELF AMS FILING
2018010153,TCLU7372944,1,,"OUR SCAC CODE - ATGA ; NAME, ADDRESS AND TELEPHONE NUMBER OF LOCAL OFFICE AT PORT OF DESTINATION APL LIMITED 26 CENTURY BOULEVARD SUITE 405 NASHVILLE TENNESSEE 37214"
2018010153,TCLU7372944,1,,TEL- -1- -800- 999 7733 EMAIL- APL_US_CS@APL.COM
2018010154,APZU3532937,1,27,27 WOODEN CRATES SLATE STONE INV NO-VS-1043 DT-02.09.2017 S.B NO-8442601 DT-04.09.2017 HS CODE-25140000 NET WT-20500.00 KGS SELF AMS FILING
2018010154,APZU3532937,1,,OUR SCAC CODE- ATGA ; AGENT ADDRESS APL LIMITED 26 CENTURY BOULEVARD SUITE 405 NASHVILLE TENNESSEE 37214 TEL- -1- -800- 999 7733 EMAIL- APL_US_CS@APL.COM
2018010155,TCLU3129730,1,138,HANDBAGS
2018010156,FCIU4532001,1,7,07 PACKAGES POLISHED GRANITE SLABS INV NO - SSG-290 DT - 04.09.2017 SB NO -8577000 DT - 11.09.2017 NET WT - 24400.00 SELF AMS FILING OUR SCAC CODE - ATGA
2018010156,FCIU4532001,1,,"; NAME, ADDRESS AND TELEPHONE NUMBER OF LOCAL OFFICE AT PORT OF DESTINATION APL LIMITED 26 CENTURY BOULEVARD SUITE 405 NASHVILLE, USA TEL - -1- -800- 999 7733"
2018010156,FCIU4532001,1,,EMAIL - APL_US_CS@APL.COM
2018010157,CLHU4703220,1,466,PLUSH TOYS(PLUSH ENDERMAN SMALL SHEEP PLUSH BABY COW)
2018010158,CMAU1114363,1,25,25 WOODEN CRATES SLATE STONE INV NO-VS-1044 DT-07.09.2017 SB NO-8525996 DT-08.09.2017 HS CODE-25140000 NET WT-20500.00 KGS SELF AMS FILING
2018010158,CMAU1114363,1,,"OUR SCAC CODE- ATGA ; AGENT ADDRESS APL LIMITED 26 CENTURY BOULEVARD SUITE 405 NASHVILLE, USA TEL - -1- -800- 999 7733 EMAIL - APL_US_CS@APL.COM"
2018010159,TRLU8927558,1,8,08 WOODEN CRATES LEATHER FINISH MARBLE SLABS INV NO-RSG-175-2017-18 DT-15.09.2017 H.S. CODE-68022190 NET WT-26200.00 KGS S.B NO-8750766 DT-19.09.2017
2018010159,TRLU8927558,1,,"NAME, ADDRESS AND TELEPHONE NUMBER OF LOCAL OFFICE AT PORT OF DESTINATION APL LIMITED 26 CENTURY BOULEVARD SUITE 405 NASHVILLE TENNESSEE 37214 TEL- -1- -800- 999 7733 EMAIL- APL_US_CS@APL.COM"
2018010160,GESU5139190,1,227,RADIATORS
2018010161,ECMU2022984,1,8,POLISHED GRANITE & MARBLE SLABS
2018010162,TCLU3954546,1,25,SLATE STONE
2018010163,TRHU3579554,1,28,SLATE STONE
2018010164,TRHU2677324,1,8,08 PACKAGES POLISHED GRANITE SLABS INV NO -SSG-292 DT - 14.09.2017 SB NO - 8830286 DT - 22.09.2017 NET WT - 23300 SELF AMS FILING OUR SCAC CODE - ATGA
2018010164,TRHU2677324,1,,"; NAME, ADDRESS AND TELEPHONE NUMBER OF LOCAL OFFICE AT PORT OF DESTINATION APL LIMITED 26 CENTURY BOULEVARD SUITE 405 NASHVILLE TENNESSEE 37214 TEL- -1- -800- 999 7733"
2018010164,TRHU2677324,1,,EMAIL- APL_US_CS@APL.COM
2018010165,ECMU2022984,1,8,08 WOODEN CRATES POLISHED GRANITE SLABS POLISHED MARBLE SLABS INV.NO-MGMPL-55-2017-18 DT-17.09.2017 S.B.NO-8720742 DT-18.09.2017 HS.CODE.NO-68022390 - 68022190
2018010165,ECMU2022984,1,,"NET WT-21050.00 KGS SELF AMS FILING OUR SCAC CODE- ATGA ; NAME, ADDRESS AND TELEPHONE NUMBER OF LOCAL OFFICE AT PORT OF DESTINATION APL LIMITED"
2018010165,ECMU2022984,1,,26 CENTURY BOULEVARD SUITE 405 NASHVILLE TENNESSEE 37214 TEL- -1- -800- 999 7733 EMAIL- APL_US_CS@APL.COM
2018010166,TRHU3579554,1,28,28 WOODEN CRATES SLATE STONE INV NO-VS-1045 DT-07.09.2017 SB NO-8526025 DT-08.09.2017 HS CODE NO.-25140000 NET WT-20500.00KGS SELF AMS FILING
2018010166,TRHU3579554,1,,OUR SCAC CODE- ATGA ; AGENT ADDRESS APL LIMITED 26 CENTURY BOULEVARD SUITE 405 NASHVILLE TENNESSEE 37214 TEL- -1- -800- 999 7733 EMAIL- APL_US_CS@APL.COM
2018010167,APZU4642760,1,16,PIPES AND FITTINGS
2018010167,APZU4642760,2,,PIPES AND FITTINGS
2018010167,APZU4642760,3,129,PIPES AND FITTINGS
2018010167,APZU4642760,4,12,PIPES AND FITTINGS
2018010167,APZU4642760,5,9,PIPES AND FITTINGS
2018010168,CAIU9347121,1,1344,TRAINING PAD
2018010169,SUDU8579238,1,8,PORTABLE EVAPORATIVEAIR COOLER PO NO. 2017/0891 THIS SHIPMENT CONTAINS NO SOLID WOOD PACKING MATERIALS HB/L NO: KLNS01131907 SCAC CODE: SWOE
2018010170,SUDU8784361,1,3,N/A: TUESDAY MORNING HEIGHT-ADJUSTABLE STANDING DESK THIS SHIPMENT CONTAINS NO WOOD PACKING MATERIALS. AMS SCAC CODE:TSIJ AMS HBL TSL17100011
2018010171,TGHU4950143,1,23,ELECTRONIC SKILLET
2018010172,TGHU4996735,1,768,COMPACT CASH DRAWER
2018010173,CMAU8073040,1,16,E-GLASS FIBER CHOPPED STRAND
2018010174,NYKU4253290,1,974,HS CODE 62059090 READYMADE WOVEN GARMENTS
2018010175,HJMU2062961,1,,ORGANIC OIL-CAKE AND OIL CAKE MEAL OF SOYABEAN EXPELLER VARIETY
2018010175,TGHU3550348,1,,ORGANIC OIL-CAKE AND OIL CAKE MEAL OF SOYABEAN EXPELLER VARIETY
2018010175,APZU2108143,1,,ORGANIC OIL-CAKE AND OIL CAKE MEAL OF SOYABEAN EXPELLER VARIETY
2018010175,TRHU3623195,1,,ORGANIC OIL-CAKE AND OIL CAKE MEAL OF SOYABEAN EXPELLER VARIETY
2018010175,TEMU5247365,1,,ORGANIC OIL-CAKE AND OIL CAKE MEAL OF SOYABEAN EXPELLER VARIETY
2018010175,CMAU1306788,1,,ORGANIC OIL-CAKE AND OIL CAKE MEAL OF SOYABEAN EXPELLER VARIETY
2018010175,XINU1581512,1,,ORGANIC OIL-CAKE AND OIL CAKE MEAL OF SOYABEAN EXPELLER VARIETY
2018010175,CMAU1558305,1,,ORGANIC OIL-CAKE AND OIL CAKE MEAL OF SOYABEAN EXPELLER VARIETY
2018010175,MAGU2310186,1,,ORGANIC OIL-CAKE AND OIL CAKE MEAL OF SOYABEAN EXPELLER VARIETY
2018010175,CMAU1195597,1,,ORGANIC OIL-CAKE AND OIL CAKE MEAL OF SOYABEAN EXPELLER VARIETY
2018010176,ECMU4452367,1,16,E-GLASS FIBER CHOPPED STRAND
2018010176,TRLU4838940,1,16,E-GLASS FIBER CHOPPED STRAND
2018010176,APZU4807221,1,16,E-GLASS FIBER CHOPPED STRAND
2018010176,TCLU4431030,1,16,E-GLASS FIBER CHOPPED STRAND
2018010177,HLXU3526958,1,,HS CODE 29081900 ORGANIC CHEMICALS SCHAEFFER .
2018010178,TCNU9227768,1,0,H S CODE 29157090 TABLUBE MAGNESIUM STEARATE M CUSTOMISED II
2018010179,NYKU4101826,1,1935,HS CODE 57050049 40PCT COTTON 60PCT POLYESTER ANDLOOM RUGS 70PCT COTTON 30PCT SILK HANDLOOM RUGS
2018010179,NYKU4221842,1,45,HS CODE 57050049 40PCT COTTON 60PCT POLYESTER ANDLOOM RUGS 70PCT COTTON 30PCT SILK HANDLOOM RUGS
2018010179,TCLU5679910,1,14,HS CODE 57050049 40PCT COTTON 60PCT POLYESTER ANDLOOM RUGS 70PCT COTTON 30PCT SILK HANDLOOM RUGS
2018010180,NYKU4101826,1,1935,HS 57050049 40 PCT COTTON / 60 PCT POLYESTER HANDLOOM RUGS 70 PCT COTTON / 30 PCT SILK HA NDLOOM RUGS
2018010180,NYKU4221842,1,45,HS 57050049 40 PCT COTTON / 60 PCT POLYESTER HANDLOOM RUGS 70 PCT COTTON / 30 PCT SILK HA NDLOOM RUGS
2018010180,TCLU5679910,1,14,HS 57050049 40 PCT COTTON / 60 PCT POLYESTER HANDLOOM RUGS 70 PCT COTTON / 30 PCT SILK HA NDLOOM RUGS
2018010181,ECMU1543484,1,8,8 PACKAGES BROWN FANTASY POLISH MARBLE SLABS INV NO - RSG-200-2017-148 DT - 28.09.2017 NET WT - 24550.00 SELF AMS FILING OUR SCAC CODE - ATGA
2018010181,ECMU1543484,1,,"; NAME, ADDRESS AND TELEPHONE NUMBER OF LOCAL OFFICE AT PORT OF DESTINATION APL LIMITED 26 CENTURY BOULEVARD SUITE 405 NASHVILLE TENNESSEE 37214 TEL- -1- -800- 999 7733"
2018010181,ECMU1543484,1,,EMAIL- APL_US_CS@APL.COM
2018010182,TCLU6197180,1,8,08 WOODEN CRATES MARBLE SLABS INV NO-EXP12-2017-18 DT-21.09.2017 S.B.NO-8837804 DT-22.09.2017 NET WT-20500.00 KGS H.S.CODE-68022190 -FREIGHT COLLECT-
2018010183,TCLU6197180,1,8,08 WOODEN CRATES MARBLE SLABS INV NO-EXP12-2017-18 DT-21.09.2017 S.B.NO-8837804 DT-22.09.2017 NET WT-20500.00 KGS H.S.CODE-68022190 -FREIGHT COLLECT-
2018010183,TCLU6197180,1,,"; NAME, ADDRESS AND TELEPHONE NUMBER OF LOCAL OFFICE AT PORT OF DESTINATION APL LIMITED 26 CENTURY BOULEVARD SUITE 405 NASHVILLE TENNESSEE 37214 TEL- -1- -800- 999 7733"
2018010183,TCLU6197180,1,,EMAIL- APL_US_CS@APL.COM
2018010184,NYKU4848920,1,1348,HS CODE 62044400 LADIES 100PCT RAYON DRESS WO .
2018010185,BMOU2081359,1,8,08 WOODEN CRATES BROWN FANTASY POLISH MARBLE SLABS INV NO-RSG-197-2017-18 DT-27.09.2017 S.B NO-8978819 DT-28.09.2017 HS CODE-68022190 NET WT-26400.00 KGS
2018010185,BMOU2081359,1,,"SELF AMS FILING OUR SCAC CODE - ATGA ; NAME, ADDRESS AND TELEPHONE NUMBER OF LOCAL OFFICE AT PORT OF DESTINATION APL LIMITED 26 CENTURY BOULEVARD SUITE 405"
2018010185,BMOU2081359,1,,NASHVILLE TENNESSEE 37214 TEL- -1- -800- 999 7733 EMAIL- APL_US_CS@APL.COM
2018010186,TCLU3748268,1,21,21 WOODEN CRATES SLATE STONE TILES INV.NO-SE-17-18-EX-142 DT-26.09.2017 S.B.NO-8943678 DT-27.09.2017 HS.CODE.NO-25140000 NET WT-21000.00 KGS
2018010186,TCLU3748268,1,,"SELF AMS FILING OUR SCAC CODE - ATGA ; NAME, ADDRESS AND TELEPHONE NUMBER OF LOCAL OFFICE AT PORT OF DESTINATION APL LIMITED 26 CENTURY BOULEVARD SUITE 405"
2018010186,TCLU3748268,1,,NASHVILLE TENNESSEE 37214 TEL- -1- -800- 999 7733 EMAIL- APL_US_CS@APL.COM
2018010187,NYKU0854056,1,1996,READYMADE GARMENTS HS CODE 61149090
2018010188,ECMU4332192,1,7,PLASTIC AUTOMOTIVE PRODUCT
2018010189,CLHU4764890,1,3678,PENN FEEDER STATION FOR CAKES&SUET
2018010190,TGHU5045920,1,368,SLOW COOKER
2018010190,APZU4453426,1,368,SLOW COOKER
2018010191,APHU6557710,1,6,METAL FOOL LAMP GLASS TABLE LAMP CRYSTAL ACCENT LAMP
2018010192,CMAU4263782,1,526,SLOW COOKER
2018010193,UESU4290689,1,756,SLOW COOKER
2018010193,APZU4889050,1,756,SLOW COOKER
2018010193,ECMU4382850,1,756,SLOW COOKER
2018010193,ECMU4371305,1,756,SLOW COOKER
2018010193,CMAU8039404,1,756,SLOW COOKER
2018010193,CMAU9081712,1,756,SLOW COOKER
2018010193,APZU4678607,1,756,SLOW COOKER
2018010193,CMAU8003269,1,756,SLOW COOKER
2018010193,CMAU9098802,1,756,SLOW COOKER
2018010193,DRYU4179242,1,756,SLOW COOKER
2018010194,GATU4442669,1,43,POTASSIUM NITRATE CONTAINING 513 PACKAGES POTASSIUM NITRATE UN 1486 - IMO 5.1 - PG III CN CODE 28342100
2018010195,FCIU2960103,1,8,8 PACKAGES ENGINEERED QUARTZ STONE SB NO - 9155701 DT - 08.10.2017 INV NO - PQS-009 DT - 07.10.2017 NET WT - 24100.00 SELF AMS FILING OUR SCAC CODE - ATGA
2018010195,FCIU2960103,1,,"; NAME, ADDRESS AND TELEPHONE NUMBER OF LOCAL OFFICE AT PORT OF DESTINATION APL LIMITED 26 CENTURY BOULEVARD SUITE 405 NASHVILLE TENNESSEE 37214 TEL- -1- -800- 999 7733"
2018010195,FCIU2960103,1,,EMAIL- APL_US_CS@APL.COM
2018010196,TCKU2285731,1,7,07 PACKAGES POLISH MARBLE SLABS INV NO - RSG-209-2017-18 DT - 06.10.2017 HS CODE - 68022190 NET WT - 25000.00 SELF AMS FILING
2018010196,TCKU2285731,1,,"OUR SCAC CODE - ATGA ; NAME, ADDRESS AND TELEPHONE NUMBER OF LOCAL OFFICE AT PORT OF DESTINATION APL LIMITED 26 CENTURY BOULEVARD SUITE 405 NASHVILLE TENNESSEE 37214"
2018010196,TCKU2285731,1,,TEL- -1- -800- 999 7733 EMAIL- APL_US_CS@APL.COM
2018010197,MSKU5107403,1,28,TRACKS SHOES ON 18 PLTS SN /1374 FREIGHT PREPAID.
2018010198,CRSU1217445,1,19,BALL VALVE
2018010199,MSKU4133115,1,4,MEN'S 88% POLYESTER 12% SP ANDEX KNIT SS Y/D JERSEY POL O SHIRTS WOMEN'S 95% POLYEST ER 5% RAYON KNIT BCG LS JA SPE MELANGE V-NECK PULLOVER MEN'S 70% POLYESTER 30% COTT ON KNIT LS BASE CAMP THERMAL
2018010199,MSKU4133115,1,,SHIRT MEN'S 100% POLYESTE R KNIT REFLECTIVE LS TEE F REIGHT COLLECT
20180101100,CMAU0226604,1,7,07 PACKAGES BROWN FANTASY HONED MARBLE SLABS INV NO-RSG-213-2017-18 DT-09.10.2017 HS CODE -68022190 NET WT -24000.00 KGS SELF AMS FILING
20180101100,CMAU0226604,1,,"OUR SCAC CODE - ATGA ; NAME, ADDRESS AND TELEPHONE NUMBER OF LOCAL OFFICE AT PORT OF DESTINATION APL LIMITED 26 CENTURY BOULEVARD SUITE 405 NASHVILLE TENNESSEE 37214"
20180101100,CMAU0226604,1,,TEL- -1- -800- 999 7733 EMAIL- APL_US_CS@APL.COM
20180101101,GESU8084893,1,1,"METHYL ACRYLATE PO.NO.FCL0020 05, CL:3 UN1919 SEGU8063426 1 80556 180557 180558 GESU80890 30 180559 180560 180561 TCLU9 008464 180562 180563 180564 G ESU8084893 180565 180566 18056 7 UTTU2532111 180568 180569 1"
20180101101,GESU8084893,1,,80570 -FAX:021-63097818/63097 828
20180101102,APZU4368617,1,27,RECEIVER
20180101103,GESU6635929,1,18,OUTDOOR FLOOR
20180101104,TCLU4736786,1,25,OUTDOOR FLOOR
20180101105,CMAU8044062,1,1,LITHIUM ION BATTERY
20180101105,CMAU8044062,2,,LITHIUM ION BATTERY
20180101106,TGHU1366394,1,18,ELEVATORS
20180101106,CMAU8287695,1,32,ELEVATORS
20180101106,CMAU8309768,1,32,ELEVATORS
20180101107,GESU6901335,1,,CERAMIC POT
20180101108,CMAU5537996,1,,CERAMIC POT
20180101109,TRLU4864507,1,938,CONTROL PADS FOR PETS
20180101110,SEGU4660948,1,537,TRAINING PAD
20180101110,ECMU9329118,1,825,TRAINING PAD
20180101111,NC,1,1,1994 MAZDA RX7 JM1FD3332R0303431
20180101112,NC,1,1,UNIT 1991 MERCEDES 250TD VIN#: WDB1241851F213788
20180101113,CAIU9652172,1,631,PET BED
20180101114,CMAU9015583,1,9,PIPES AND FITTINGS
20180101114,CMAU9015583,2,11,PIPES AND FITTINGS
20180101114,CMAU9015583,3,,PIPES AND FITTINGS
20180101114,CMAU9015583,4,,PIPES AND FITTINGS
20180101114,CMAU9015583,5,7,PIPES AND FITTINGS
20180101114,CMAU9015583,6,4,PIPES AND FITTINGS
20180101115,ECMU8087581,1,1365,HAND TOOLS(HAMMER)
20180101115,GESU5159026,1,1112,HAND TOOLS(HAMMER)
20180101116,XINU1522037,1,28,28 PACKAGES MARBLE MOSAIC TILES INV NO-B-8051-2017-2018 DT-11.10.2017 SB NO-9260534 DT-12.10.2017 NET WT-18930.00 KGS SELF AMS FILING
20180101116,XINU1522037,1,,"OUR SCAC CODE - ATGA ; NAME, ADDRESS AND TELEPHONE NUMBER OF LOCAL OFFICE AT PORT OF DESTINATION APL LIMITED 26 CENTURY BOULEVARD SUITE 405 NASHVILLE TENNESSEE 37214"
20180101116,XINU1522037,1,,TEL- -1- -800- 999 7733 EMAIL- APL_US_CS@APL.COM
20180101117,TCLU3954546,1,25,25 WOODEN CRATES SLATE STONE INV NO-VS-1046 DT-09.09.2017 SB NO-8572196 DT-11.09.2017 HS CODE NO.-25140000 NET WT-20500.00KGS SELF AMS FILING
20180101117,TCLU3954546,1,,OUR SCAC CODE- ATGA ; AGENT ADDRESS APL LIMITED 26 CENTURY BOULEVARD SUITE 405 NASHVILLE TENNESSEE 37214 TEL- -1- -800- 999 7733 EMAIL- APL_US_CS@APL.COM
20180101118,MEDU6781114,1,15,CANNED COCONUT JUICE 24TNX520ML HARMONIZED CO DE : 2202.90.9090 CANNED COCONUT JUICE 24TNX3 50ML HARMONIZED CODE : 2202.90.9090 PO.L03885 9 AS PER INVOICE NO. 156611
20180101119,MEDU6781114,1,15,CANNED COCONUT JUICE 24TNX 520ML HARMONIZED C ODE : 22 02.90.9090 CANNED COCONUT JUICE 24TN X350ML HARMONIZE D CODE : 2202.90.9090 PO.L 0 38859 AS PER INVOICE NO. 156611
20180101120,NC,1,1,UNIT MAKE : MERCEDES MODEL : CLS AMG
20180101121,NC,1,1,UNPACKED USED VEHICLE 2017 TOYOTA RAV-4 VIN .NR. JTMBFREV1HJ112991
20180101122,NC,1,1,UNPACKED USED VEHICLE 1975 VW BEETLE VIN.NR . 1152222266 HS-CODE : 87032290
20180101123,NC,1,1,UNIT 2008 NISSAN VERSA
20180101124,ECMU1797920,1,1,ORGANIC SOYABEAN
20180101124,GESU1368943,1,1,ORGANIC SOYABEAN
20180101124,CMAU1568540,1,1,ORGANIC SOYABEAN
20180101124,APZU3919037,1,1,ORGANIC SOYABEAN
20180101124,FCIU2802520,1,1,ORGANIC SOYABEAN
20180101125,APZU2125916,1,1,ORGANIC SOYABEAN
20180101125,CMAU1307070,1,1,ORGANIC SOYABEAN
20180101125,CMAU0094827,1,1,ORGANIC SOYABEAN
20180101125,CRSU1172150,1,1,ORGANIC SOYABEAN
20180101125,TRHU3681416,1,1,ORGANIC SOYABEAN
20180101126,CMAU1083323,1,1,ORGANIC SOYABEAN
20180101126,TRLU8829398,1,1,ORGANIC SOYABEAN
20180101126,TCKU2779061,1,1,ORGANIC SOYABEAN
20180101126,ECMU1935171,1,1,ORGANIC SOYABEAN
20180101126,ECMU1894196,1,1,ORGANIC SOYABEAN
20180101127,APZU3349211,1,1,ORGANIC SOYABEAN
20180101127,TCKU1968266,1,1,ORGANIC SOYABEAN
20180101127,GESU2691436,1,1,ORGANIC SOYABEAN
20180101127,CMAU0484569,1,1,ORGANIC SOYABEAN
20180101127,GESU1250518,1,1,ORGANIC SOYABEAN
20180101128,GLDU5382057,1,1,ORGANIC SOYABEAN
20180101128,XINU1493598,1,1,ORGANIC SOYABEAN
20180101128,TEMU2759943,1,1,ORGANIC SOYABEAN
20180101128,APZU3887583,1,1,ORGANIC SOYABEAN
20180101128,FCIU4516248,1,1,ORGANIC SOYABEAN
20180101129,CMAU2092058,1,1,ORGANIC SOYABEAN
20180101129,ECMU1967245,1,1,ORGANIC SOYABEAN
20180101129,CMAU0495882,1,1,ORGANIC SOYABEAN
20180101129,CMAU1357656,1,1,ORGANIC SOYABEAN
20180101129,CMAU0559354,1,1,ORGANIC SOYABEAN
20180101130,ECMU1797920,1,1,- TOT PKGS 5 PK
20180101130,GESU1368943,1,1,-
20180101130,CMAU1568540,1,1,-
20180101130,APZU3919037,1,1,-
20180101130,FCIU2802520,1,1,AUDITED . 5 X 20'ST CONTAINER TOTAL 5 PACKAGES ONLY TOTAL FIVE PACKAGES ONLY ORGANIC SOYABEAN LOT NO: SOAP/SB/2017/10
20180101130,FCIU2802520,1,,PACKING : BULK LINER BAGS ORIGIN : INDIA INVOICE NO.PRN/17/36 DATE 14.10.2017 BUYER'S ORDER NO.: 83017B DATED 30.08.2017 H.S.CODE : 120190 FDA : 17939892456 IEC : 1107001315 S.BILL NO. 9311624 DATE 16.10.2017
20180101130,FCIU2802520,1,,"NAME A/C.CASHTON FARM SUPPLY, LTD HBL NO.1718MSY04955 SCAC CODE : SRXV FREIGHT COLLCT 120190 (HS)"
20180101131,APZU2125916,1,1,AUDITED . 5 X 20'ST CONTAINERS TOTAL 5 PACKAGES ONLY TOTAL FIVE PACKAGES ONLY ORGANIC SOYABEAN LOT NO: SOAP/SB/2017/09
20180101131,CMAU1307070,1,1,-
20180101131,CMAU0094827,1,1,-
20180101131,CRSU1172150,1,1,AUDITED . 5 X 20'ST CONTAINERS TOTAL 5 PACKAGES ONLY TOTAL FIVE PACKAGES ONLY ORGANIC SOYABEAN LOT NO: SOAP/SB/2017/09
20180101131,TRHU3681416,1,1,-
20180101131,APZU2125916,1,,PACKING : BULK LINER BAGS ORIGIN : INDIA INVOICE NO.PRN/17/35 DATE 14.10.2017 BUYER'S ORDER NO.: 83017B DATED 30.08.2017 H.S.CODE : 1201.00.90 FDA : 17939892456 IEC : 1107001315 S.BILL NO. 9311593 DATE 16.10.2017
20180101131,APZU2125916,1,,"GROSS WEIGHT 115030.00 KGS NET WEIGHT 115000.00 KGS NAME A/C - CASHTON FARM SUPPLY, LTD. HBL NO. 1718MSY04950 SCAC CODE : SRXV FREIGHT COLLECT"
20180101131,CRSU1172150,1,,PACKING : BULK LINER BAGS ORIGIN : INDIA INVOICE NO.PRN/17/35 DATE 14.10.2017 BUYER'S ORDER NO.: 83017B DATED 30.08.2017 H.S.CODE : 1201.00.90 FDA : 17939892456 IEC : 1107001315 S.BILL NO. 9311593 DATE 16.10.2017
20180101131,CRSU1172150,1,,"GROSS WEIGHT 115030.00 KGS NET WEIGHT 115000.00 KGS NAME A/C - CASHTON FARM SUPPLY, LTD. HBL NO. 1718MSY04950 SCAC CODE : SRXV FREIGHT COLLECT"
20180101132,CMAU1083323,1,1,AUDITED . 5X20 ' ST CONTAINER TOTAL 5 PACKAGES ONLY TOTAL FIVE PACKAGES ONLY ORGANIC SOYABEAN LOT NO: SOAP/SB/2017/09
20180101132,TRLU8829398,1,1,-
20180101132,TCKU2779061,1,1,-
20180101132,ECMU1935171,1,1,AUDITED . 5X20 ' ST CONTAINER TOTAL 5 PACKAGES ONLY TOTAL FIVE PACKAGES ONLY ORGANIC SOYABEAN LOT NO: SOAP/SB/2017/09
20180101132,ECMU1894196,1,1,-
20180101132,CMAU1083323,1,,PACKING : BULK LINER BAGS ORIGIN : INDIA INVOICE NO.PRN/17/32 DATE 14.10.2017 BUYER'S ORDER NO.: 83017B DATED 30.08.2017 H.S.CODE : 1201.00.90 FDA : 17939892456 IEC : 1107001315 S.BILL NO.9311597 DATE 16.10.2017
20180101132,CMAU1083323,1,,"GROSS WEIGHT 115030.00 KGS NET WEIGHT 115000.00 KGS NAME A/C CASHTON FARM SUPPLY, LTD HBL NO. 1718MSY04954 SCAC CODE : SRXV FREIGHT COLLECT"
20180101132,ECMU1935171,1,,PACKING : BULK LINER BAGS ORIGIN : INDIA INVOICE NO.PRN/17/32 DATE 14.10.2017 BUYER'S ORDER NO.: 83017B DATED 30.08.2017 H.S.CODE : 1201.00.90 FDA : 17939892456 IEC : 1107001315 S.BILL NO.9311597 DATE 16.10.2017
20180101132,ECMU1935171,1,,"GROSS WEIGHT 115030.00 KGS NET WEIGHT 115000.00 KGS NAME A/C CASHTON FARM SUPPLY, LTD HBL NO. 1718MSY04954 SCAC CODE : SRXV FREIGHT COLLECT"
20180101133,APZU3349211,1,1,-
20180101133,TCKU1968266,1,1,-
20180101133,GESU2691436,1,1,-
20180101133,CMAU0484569,1,1,.
20180101133,GESU1250518,1,1,AUDITED . 5 X 20'ST CONTAINER TOTAL 5 PACKAGES ONLY TOTAL FIVE PACKAGES ONLY ORGANIC SOYABEAN LOT NO: SOAP/SB/2017/09
20180101133,GESU1250518,1,,PACKING : BULK LINER BAGS ORIGIN : INDIA INVOICE NO.PRN/17/34 DATE 14.10.2017 BUYER'S ORDER NO.: 83017B DATED 30.08.2017 H.S.CODE : 12010090 FDA : 17939892456 IEC : 1107001315 S.BILL NO. 9311621 DATE 16.10.2017
20180101133,GESU1250518,1,,"GROSS WEIGHT 115030.00 KGS NET WEIGHT 115000.00 KGS NAME A/C - CASHTON FARM SUPPLY, LTD. HBL NO. 1718MSY04953 SCAC CODE : SRXV FREIGHT COLLECT"
20180101134,GLDU5382057,1,1,.
20180101134,XINU1493598,1,1,AUDITED . 5 X 20'ST CONTAINERS TOTAL 5 PACKAGES ONLY TOTAL FIVE PACKAGES ONLY ORGANIC SOYABEAN LOT NO: SOAP/SB/2017/09
20180101134,TEMU2759943,1,1,.
20180101134,APZU3887583,1,1,.
20180101134,FCIU4516248,1,1,.
20180101134,XINU1493598,1,,PACKING : BULK LINER BAGS ORIGIN : INDIA INVOICE NO.PRN/17/33 DATE 14.10.2017 BUYER'S ORDER NO.: 83017B DATED 30.08.2017 H.S.CODE : 1201.00.90 FDA : 17939892456 IEC : 1107001315 S.BILL NO. 9311681 DATE 16.10.2017
20180101134,XINU1493598,1,,"NAME A/C. CASHTON FARM SUPPLY, LTD. GROSS WEIGHT 115030.00 KGS NET WEIGHT 115000.00 KGS HBL NO. 1718MSY04960 SCAC CODE : SRXV FREIGHT COLLECT"
20180101135,CMAU2092058,1,1,-
20180101135,ECMU1967245,1,1,- FREIGHT COLLECT
20180101135,CMAU0495882,1,1,AUDITED . 5 X 20' ST CONTAINER TOTAL 5 PACKAGES ONLY TOTAL FIVE PACKAGES ONLY ORGANIC SOYABEAN LOT NO: SOAP/SB/2017/10
20180101135,CMAU1357656,1,1,-
20180101135,CMAU0559354,1,1,-
20180101135,CMAU0495882,1,,PACKING : BULK LINER BAGS ORIGIN : INDIA INVOICE NO.PRN/17/37 DATE 14.10.2017 BUYER'S ORDER NO.: 83017B DATED 30.08.2017 H.S.CODE : 1201.00.90 FDA : 17939892456 IEC : 1107001315 S.BILL NO.9311613 DATE 16.10.2017
20180101135,CMAU0495882,1,,"GROSS WEIGHT 115030.000 KGS NET WEIGHT 115000.00 KGS NAME A/C CASHTON FARM SUPPLY, LTD HBL NO. 1718MSY04963 SCAC CODE : SRXV FREIGHT COLLECT"
20180101136,TCLU6631439,1,1,HOUSEHOLD EFFECTS
20180101137,CAIU2525520,1,6,P N PO 01142 513894 HANGER 466400 513895 BRACKET
20180101138,TTNU9099778,1,545,DELINTE BRAND AUTOMOBILE TIRE
20180101139,CMAU0601238,1,7,7 PACKAGES ROMAN WHITE POLISH MARBLE SLABS INV # RSG-203-2017-18 DT-30.09.2017 NET WT - 24550.00 SELF AMS FILING OUR SCAC CODE - ATGA ;
20180101139,CMAU0601238,1,,"NAME, ADDRESS AND TELEPHONE NUMBER OF LOCAL OFFICE AT PORT OF DESTINATION APL LIMITED 26 CENTURY BOULEVARD SUITE 405 NASHVILLE TENNESSEE 37214 TEL- -1- -800- 999 7733 EMAIL- APL_US_CS@APL.COM"
20180101140,GVCU5288155,1,,"HS CODE 540720 WV WHT FLAT WOVEN WHITE, FABRI ."
20180101141,GVDU5048672,1,22,"HS CODE 540720 WV WHT FLAT WOVEN WHITE, FABRI ."
20180101142,UESU5128522,1,26,"WV WHT FLAT 68 WOVEN WHITE,FABRIC FLAT WEAVE ."
20180101143,UESU5121343,1,28,"HS CODE 540720 WW WHT FLAT WOVEN WHITE, FABRI ."
20180101144,CMAU0012897,1,6,POLISH MARBLE SLABS
20180101145,TRKU4436733,1,22,"HS CODE 540720 WV-CLR-FLAT WOVEN WHITE, FABRI ."
20180101146,ECMU1268612,1,7,7 PACKAGE POLISH MARBLE SLABS INV NO-RSG-181-2017-18 DT-20.09.2017 HS CODE-68022190 NET WT-25900 KGS
20180101147,ECMU1268612,1,7,7 PACKAGE POLISH MARBLE SLABS INV NO-RSG-181-2017-18 DT-20.09.2017 HS CODE-68022190 NET WT-25900 KGS SB -8807894 DT-21.09.2017
20180101147,ECMU1268612,1,,"; NAME, ADDRESS AND TELEPHONE NUMBER OF LOCAL OFFICE AT PORT OF DESTINATION APL LIMITED 26 CENTURY BOULEVARD SUITE 405 NASHVILLE TENNESSEE 37214 TEL- -1- -800- 999 7733"
20180101147,ECMU1268612,1,,EMAIL- APL_US_CS@APL.COM
20180101148,MOAU5834977,1,6,ONE SIDE POLISH FINISH MARBLE RANDOM SLABS
20180101149,APZU3300931,1,8,ENGINEERED QUARTZ STONE
20180101150,APZU3300931,1,8,08 PACKAGES ENGINEERED QUARTZ STONE INV NO-PQS-010 DT-17.10.2017 SB NO-9362680 DT-17.10.2017 NET WT-24200.00 SELF AMS FILING OUR SCAC CODE - ATGA
20180101150,APZU3300931,1,,"; NAME, ADDRESS AND TELEPHONE NUMBER OF LOCAL OFFICE AT PORT OF DESTINATION APL LIMITED 26 CENTURY BOULEVARD SUITE 405 NASHVILLE TENNESSEE 37214 TEL- -1- -800- 999 7733"
20180101150,APZU3300931,1,,EMAIL- APL_US_CS@APL.COM
20180101151,CAIU2525520,1,6,HANGER BRACKET
20180101152,NC,1,57,"STC 26 X DUCT WORK 8 X GOAL POST 23 X STAIR TOWER , PLATFORMS , LADDERS, PIPE RACK"
20180101153,NC,1,37,STC PROJECT CARGO
20180101154,CMAU0012897,1,6,06 WOODEN CRATES POLISH MARBLE SLABS INV NO-RSG-223-2017-2018 DT-16.10.2017 HS CODE-68022190 NET WT -19000.00 KGS SELF AMS FILING
20180101154,CMAU0012897,1,,"OUR SCAC CODE - ATGA S.B NO-9376311 DT-18.10.2017 NAME, ADDRESS AND TELEPHONE NUMBER OF LOCAL OFFICE AT PORT OF DESTINATION APL LIMITED 26 CENTURY BOULEVARD SUITE 405 NASHVILLE TENNESSEE 37214"
20180101154,CMAU0012897,1,,TEL- -1- -800- 999 7733 EMAIL- APL_US_CS@APL.COM
20180101155,GVDU5044717,1,22,HS CODE 540720 WV WHT FLAT WOVEN WHITE FABRIC .
20180101156,CRXU9842991,1,24,HS CODE 540720 WV WHT FLAT WOVEN WHITE FABRIC .
20180101157,GVCU5230894,1,22,"HS CODE 540720 WV WHT FLAT WOVEN WHITE, FABRI ."
20180101158,TRKU4421646,1,,"HS CODE 540720 WV WHT FLAT WOVEN WHITE, FABRI ."
20180101159,TRKU4424938,1,22,"HS CODE540720 WV-WHT-FLAT WOVEN WHITE, FABRI ."
20180101160,NC,1,5,LIFE RAFTS OF 164 KGS
20180101161,TCKU1794673,1,,POLISHED PEBBLE
20180101162,TRHU3312721,1,1,SOYBEAN (ORGANIC)
20180101162,TCLU3029351,1,1,SOYBEAN (ORGANIC)
20180101162,TCLU7462858,1,1,SOYBEAN (ORGANIC)
20180101162,TCLU7350122,1,1,SOYBEAN (ORGANIC)
20180101162,TEMU2559842,1,1,SOYBEAN (ORGANIC)
20180101163,FCIU3191805,1,1,SOYBEAN (ORGANIC)
20180101163,CMAU0789130,1,1,SOYBEAN (ORGANIC)
20180101163,CMAU0303980,1,1,SOYBEAN (ORGANIC)
20180101163,CMAU1585126,1,1,SOYBEAN (ORGANIC)
20180101163,CMAU1478452,1,1,SOYBEAN (ORGANIC)
20180101164,TRHU2325869,1,1,SOYBEAN (ORGANIC)
20180101164,TEMU3167105,1,1,SOYBEAN (ORGANIC)
20180101164,TEMU2877606,1,1,SOYBEAN (ORGANIC)
20180101164,TCKU1731865,1,1,SOYBEAN (ORGANIC)
20180101164,APZU3754298,1,1,SOYBEAN (ORGANIC)
20180101165,TEMU2613917,1,1,SOYBEAN (ORGANIC)
20180101165,TCKU1628688,1,1,SOYBEAN (ORGANIC)
20180101165,SEGU1783002,1,1,SOYBEAN (ORGANIC)
20180101165,CMAU1838498,1,1,SOYBEAN (ORGANIC)
20180101165,APZU3773549,1,1,SOYBEAN (ORGANIC)
20180101166,ECMU1922507,1,1,SOYBEAN (ORGANIC)
20180101166,CAIU3702002,1,1,SOYBEAN (ORGANIC)
20180101166,CMAU0827333,1,1,SOYBEAN (ORGANIC)
20180101166,FCIU4384706,1,1,SOYBEAN (ORGANIC)
20180101166,CMAU1839262,1,1,SOYBEAN (ORGANIC)
20180101167,ECMU1922507,1,1,-
20180101167,CAIU3702002,1,1,AUDITED . 5 X 20'SD CONTAINER TOTAL 5 BAGS ONLY TOTAL FIVE BAGS ONLY H.S. CODE:- 12019000 05 BAGS SOYBEAN (ORGANIC)
20180101167,CMAU0827333,1,1,-
20180101167,FCIU4384706,1,1,- TOT PKGS 5 BG
20180101167,CMAU1839262,1,1,-
20180101167,CAIU3702002,1,,22.908 MT JUMBO BAG (LOT NO :- SOYBEAN 46) GOODS OF INDIAN ORIGIN BIN NO. AAMCS3739HFT001 I.E.C. NO 1308014660 GST NO:- 08AAMCS3739H1ZY INVOICE NO : SIPL/E/17-18/185 DT: 14.10.2017 TOTAL GR. WT.:- 114580.000 KGS
20180101167,CAIU3702002,1,,TOTAL NET. WT.:-114540.000 KGS NAME A/C .CASHTON FARM SUPPLY LIMITED HBL NO.1718MSY05006 SCAC CODE : SRXV FREIGHT COLLECT
20180101168,TRHU3312721,1,1,- TOT PKGS 5 BG
20180101168,TCLU3029351,1,1,-
20180101168,TCLU7462858,1,1,-
20180101168,TCLU7350122,1,1,. 5X20 ST CONTAINER TOTAL 05 BAGS ONLY TOTAL FIVE BAG ONLY 22.636 MT JUMBO BAG (LOT NO :- SOYBEAN 47) GOODS OF INDIAN ORIGIN
20180101168,TEMU2559842,1,1,-
20180101168,TCLU7350122,1,,BIN NO. AAMCS3739HFT001 I.E.C. NO 1308014660 GST NO:- 08AAMCS3739H1ZY H.S. CODE:- 12019000 P.O. NO.:- 91917 TOTAL GR. WT.:- 113220.000 KGS TOTAL NET. WT.:-113180.000 KGS INVOICE NO : SIPL/E/17-18/186 DT: 14.10.2017
20180101168,TCLU7350122,1,,NAME A/C - CASHTON FARM SUPPLY LIMITED HBL NO.1718MSY05008 SCAC CODE : SRXV FREIGHT COLLECT
20180101169,FCIU3191805,1,1,- TOT PKGS 5 BG
20180101169,CMAU0789130,1,1,-
20180101169,CMAU0303980,1,1,. 5X20 ST CONTAINER TOTAL 05 BAGS ONLY TOTAL FIVE BAG ONLY 22.906 MT JUMBO BAG (LOT NO :- SOYBEAN 49) GOODS OF INDIAN ORIGIN
20180101169,CMAU1585126,1,1,-
20180101169,CMAU1478452,1,1,-
20180101169,CMAU0303980,1,,BIN NO. AAMCS3739HFT001 I.E.C. NO 1308014660 GST NO:- 08AAMCS3739H1ZY H.S. CODE:- 12019000 INVOICE NO : SIPL/E/17-18/188 DT: 14.10.2017 PO. NO.:- 91917 TOTAL GR. WT.:- 114570.000KGS TOTAL NET. WT.:- 114530.000KGS
20180101169,CMAU0303980,1,,NAME A/C -CASHTON FARM SUPPLY LIMITED HBL NO.1718MSY05010 SCAC CODE : SRXV FREIGHT COLLECT 12019000 (HS)
20180101170,TRHU2325869,1,1,- TOT PKGS 5 BG
20180101170,TEMU3167105,1,1,-
20180101170,TEMU2877606,1,1,-
20180101170,TCKU1731865,1,1,-
20180101170,APZU3754298,1,1,. 5 X 20'SD CONTAINER TOTAL 5 BAGS ONLY TOTAL FIVE BAGS ONLY H.S. CODE:- 12019000 05 BAGS SOYBEAN (ORGANIC) 23.030 MT JUMBO BAG
20180101170,APZU3754298,1,,(LOT NO :- SOYBEAN 48) GOODS OF INDIAN ORIGIN BIN NO. AAMCS3739HFT001 I.E.C. NO 1308014660 GST NO:- 08AAMCS3739H1ZY INVOICE NO : SIPL/E/17-18/187 DT: 14.10.2017 PO. NO.:- 91917 TOTAL GR. WT.:- 115190.000 KGS
20180101170,APZU3754298,1,,TOTAL NET. WT. :- 115150.000 KGS NAME A/C.CASHTON FARM SUPPLY LIMITED HBL NO. 1718MSY05012 SCAC CODE : SRXV FREIGHT COLLECT
20180101171,TEMU2613917,1,1,.
20180101171,TCKU1628688,1,1,.
20180101171,SEGU1783002,1,1,.
20180101171,CMAU1838498,1,1,.
20180101171,APZU3773549,1,1,AUDITED . 5 X 20'ST CONTAINERS TOTAL 5 BAGS ONLY TOTAL FIVE BAGS ONLY SOYBEAN (ORGANIC) 22.954 MT JUMBO BAG
20180101171,APZU3773549,1,,(LOT NO :- SOYBEAN 50) GOODS OF INDIAN ORIGIN BIN NO. AAMCS3739HFT001 I.E.C. NO 1308014660 GST NO:- 08AAMCS3739H1ZY H.S. CODE:- 12019000 INVOICE NO : SIPL/E/17-18/189 DT: 14.10.2017 PO. NO.:- 91917
20180101171,APZU3773549,1,,TOTAL GR. WT.:- 114810.000KGS TOTAL NET. WT.:- 114770.000KGS NAME A/C CASHTON FARM SUPPLY LIMITED HBL NO.1718MSY05022 SCAC CODE : SRXV FREIGHT COLLECT
20180101172,TCKU1794673,1,,STONE POLISHED PEBBLE SCAC CODE:HNLT AMS PP
20180101173,NYKU9863758,1,2313,BRAKE ROTORS
20180101173,TCKU2827806,1,2273,BRAKE ROTORS
20180101174,TCLU9751649,1,1136,TYRES
20180101175,NYKU4090022,1,654,TIRES
20180101176,APZU3615501,1,7,POLISHED GRANITE RANDOM SLABS
20180101177,APZU3088972,1,6,POLISH MARBLE SLABS
20180101178,MSCU3659472,1,5,POTASSIUM SORBATE PO#802451
20180101179,MSCU3659472,1,5,POTASSIUM SORBATE PO#802451 S/C NO:17-702TPC- 8 N/A:FENGLONG IMP & EXP. SCAC:ELZL CY TO CY
20180101180,BMOU2085713,1,8,08 PACKAGES LEATHER MARBLE SLABS INV NO-RSG-226-2017-18 DT-18.10.2017 SB NO-9388504 DT-18.10.2017 NET WT-25700.00 KGS SELF AMS FILING
20180101180,BMOU2085713,1,,"OUR SCAC CODE - ATGA ; FREIGHT COLLECT ; NAME, ADDRESS AND TELEPHONE NUMBER OF LOCAL OFFICE AT PORT OF DESTINATION APL LIMITED"
20180101180,BMOU2085713,1,,26 CENTURY BOULEVARD SUITE 405 NASHVILLE TENNESSEE 37214 TEL- -1- -800- 999 7733 EMAIL- APL_US_CS@APL.COM
20180101181,FCIU2803043,1,22,22 PACKAGES SLATE STONE TILES INV NO-MPGSPL-2017-18-7115 DT-09.10.2017 SB NO-9208827 DT-10.10.2017 NET WT -24000.00 KGS SELF AMS FILING
20180101181,FCIU2803043,1,,OUR SCAC CODE - ATGA ; AGENT ADDRESS APL LIMITED 26 CENTURY BOULEVARD SUITE 405 NASHVILLE TENNESSEE 37214 TEL- -1- -800- 999 7733 EMAIL- APL_US_CS@APL.COM
20180101182,MOAU5834977,1,6,6 PKG 06 WOODEN CRATES ONE SIDE POLISH FINISH MARBLE RANDOM SLABS INV. NO_ SI/230A+B/2017-18 DT _ 13.10.2017 S.BILL NO _9322509 DT_ 16.10.2017 HS CODE_ 68022190
20180101182,MOAU5834977,1,,"SCAC CODE_ATGA AGENT ADDRESS MOL (AMERICA) INC. 2727 PACES FERRY ROAD SE BUILDING 2, SUITE 1200 30339 ATLANTA, UNITED STATES TEL _ 1-800-449-7575 FAX _ 1-678-855-7747"
20180101183,TRLU7373894,1,1,FURNITURE
20180101184,TRLU7373894,1,1,1 X 40'HC CONTAINER : 301 CARTONS OF BEDROOM FURNITURE HBL NUMBER: NKUL17100224 SCAC CODE: HYSL FREIGHT COLLECT
20180101185,CAIU9288250,1,1,HS CODE 732690 T-TONG TONGUE OVERMOULDED
20180101186,TCLU4117483,1,18,ALUMINA POWDER
20180101187,GLDU7612591,1,2,CONTROL CABLES AND COMPONENTS HS: 870830
20180101188,TTNU9099778,1,545,DELINTE BRAND AUTOMOBILE T IRE SCAC CODE : SI NO HB/L NO. : TH17100276
20180101189,TRLU7359920,1,298,FURNITURE
20180101190,TRLU7359920,1,298,1 X 40'HC CONTAINER:- 298 CARTONS OF BEDROOM FURNITURE HBL NUMBER: NKUL17100234 SCAC CODE: HYSL FREIGHT COLLECT
20180101191,TCLU7269812,1,,CONTROLLED RELEASE FERTILIZER NPK24-0-24
20180101191,MEDU6057412,1,,CONTROLLED RELEASE FERTILIZER NPK24-0-24
20180101191,FCIU3919948,1,,CONTROLLED RELEASE FERTILIZER NPK24-0-24
20180101191,MEDU6115519,1,,CONTROLLED RELEASE FERTILIZER NPK24-0-24
20180101191,TEMU4623149,1,,CONTROLLED RELEASE FERTILIZER NPK24-0-24
20180101192,CAXU8115041,1,65,%55 COTTON %35 POLYESTER %10 VISCOSE KNIT.WOMEN S-SHIRT W CAGOULE CREW URBAN NAVY PONO:400056450200010 HTS CODE:6110303059
20180101193,TGHU2987164,1,,MANGANESE SULPHATE MONOHYDRATE MAXI GRANULAR NO WOOD PACKAGING MATERIAL IS USED IN THIS SHIPMENT.
20180101193,MSCU1905411,1,,MANGANESE SULPHATE MONOHYDRATE MAXI GRANULAR
20180101193,CAIU2819247,1,,MANGANESE SULPHATE MONOHYDRATE MAXI GRANULAR
20180101193,TEMU4337870,1,,MANGANESE SULPHATE MONOHYDRATE MAXI GRANULAR
20180101193,MEDU2688791,1,,MANGANESE SULPHATE MONOHYDRATE MAXI GRANULAR
20180101194,GLDU7612591,1,1,HS CODE 848310 CAMSHAFT
20180101195,TGHU2987164,1,,MANGANESE SULPHATE MONOHYDRATE MAXI GRANULAR HS CODE:28332990.90
20180101195,MSCU1905411,1,,MANGANESE SULPHATE MONOHYDRATE MAXI GRANULAR HS CODE:28332990.90
20180101195,CAIU2819247,1,,MANGANESE SULPHATE MONOHYDRATE MAXI GRANULAR HS CODE:28332990.90
20180101195,TEMU4337870,1,,MANGANESE SULPHATE MONOHYDRATE MAXI GRANULAR HS CODE:28332990.90
20180101195,MEDU2688791,1,,MANGANESE SULPHATE MONOHYDRATE MAXI GRANULAR HS CODE:28332990.90 SHIPPER DECLARED THAT:NO WOOD PACKAGING MATERIAL IS USED IN THIS SHIPM ENT. COMM:CHEMICAL(NON-DG)
20180101196,MOAU0667178,1,22,PLASTIC COLLATED NAILS HS CODE 73170013
20180101197,XINU1493767,1,7,POLISHED MARBLE SLABS
20180101198,DFSU2044070,1,9,GRANITE RANDOM SLABS
20180101199,CMAU1269350,1,8,POLISH MARBLE SLABS.
20180101200,CMAU1269350,1,8,08 -EIGHT- PACKAGES CONTAINING BROWN FANTASY POLISH MARBLE SLABS ; INVOICE NO.- RSG-227-2017-18 DTD 23-10-2017 IEC NO. - 1305027078 GR. WT. 27.165 MT
20180101200,CMAU1269350,1,,"NET WT. 26.650 MT HS CODE- 68022190 FREIGHT COLLECT ; NAME, ADDRESS AND TELEPHONE NUMBER OF LOCAL OFFICE AT PORT OF DESTINATION APL LIMITED"
20180101200,CMAU1269350,1,,"26 CENTURY BOULEVARD SUITE 405 NASHVILLE, USA TEL - -1- -800- 999 7733 EMAIL - APL_US_CS@APL.COM"
20180101201,TCLU7269812,1,,NON-HAZ CHEMRICAL (COMPOUND FERTILIZER (NPK 2 4-0-24)) THIS SHIPMENT CONTAINS NO SOLID WOOD PACKING MATERIALS N/A CODE:17-244TPC-84 N/A: SAGEBROOK HOME CY TO CY FREIGHT PREPAID
20180101201,MEDU6057412,1,,NON-HAZ CHEMRICAL (COMPOUND FERTILIZER (NPK 2 4-0-24)) THIS SHIPMENT CONTAINS NO SOLID WOOD PACKING MATERIALS N/A CODE:17-244TPC-84 N/A: SAGEBROOK HOME CY TO CY FREIGHT PREPAID
20180101201,FCIU3919948,1,,NON-HAZ CHEMRICAL (COMPOUND FERTILIZER (NPK 2 4-0-24)) THIS SHIPMENT CONTAINS NO SOLID WOOD PACKING MATERIALS N/A CODE:17-244TPC-84 N/A: SAGEBROOK HOME CY TO CY FREIGHT PREPAID
20180101201,MEDU6115519,1,,NON-HAZ CHEMRICAL (COMPOUND FERTILIZER (NPK 2 4-0-24)) THIS SHIPMENT CONTAINS NO SOLID WOOD PACKING MATERIALS N/A CODE:17-244TPC-84 N/A: SAGEBROOK HOME CY TO CY FREIGHT PREPAID
20180101201,TEMU4623149,1,,NON-HAZ CHEMRICAL (COMPOUND FERTILIZER (NPK 2 4-0-24)) THIS SHIPMENT DOES NOT CONTAIN WOOD PACKING MATERIALS N/A CODE:17-244TPC-84 N/A:S AGEBROOK HOME CY TO CY FREIGHT PREPAID
20180101202,ZIMU1427640,1,19,"19 CASES 310,65 M2 1254 PCS GW:26984 KGS NW:2 6319 KGS AMAZON GREY MARBLE HTS CODE:680291 S CAC CODE: BARS"
20180101202,DRYU3008749,1,29,"29 CASES 315,52 M2 GW:27545 KGS NW:26530 KGS AMAZON GREY MARBLE HTS CODE:680291 SCAC CODE: BARS"
20180101203,NYKU8312771,1,24,RACK COMPONENTS S C SC0121566 ASTP1 TPE1CY FA
20180101204,FSCU5070632,1,2551,GLOVES
20180101205,CAIU8621140,1,4,HS CODE 848350 FLYWHEEL AND PULLEY
20180101206,CAIU8621140,1,12,HS CODE 400942 RUBBER HOSES
20180101207,TCNU8511743,1,3,WOOD KITCHEN CABINETS WOOD VANITY BASES WOOD .
20180101207,DFSU6826082,1,292,WOOD KITCHEN CABINETS WOOD VANITY BASES WOOD .
20180101207,TCLU5676629,1,193,WOOD KITCHEN CABINETS WOOD VANITY BASES WOOD .
20180101207,MEDU8166198,1,173,WOOD KITCHEN CABINETS WOOD VANITY BASES WOOD .
20180101208,TEMU6202370,1,293,BATH SHEET/BATH TOWELS 1 X 40'HC CONTAINER 293 CARTONS CONTAINING PO # S00086 & H 3679 BATH SHEET & BATH TOWELS INVOICE NO. T-168/2017 SERVICE CONTRACT NO. SC 68839
20180101208,TEMU6202370,1,,"FORM ""E"" NO. JSB-2017-0000014792 DATED-18-10-2017 HS CODE TOWELS 6302.60.0020"
20180101209,EGHU9014230,1,465,"BATH SHEET/BATH MATH 1 X 40'HC CONTAINER 465 CARTONS CONTAINING PO # S00086, S00168 & H 3679 BATH SHEET, BATH MAT & BATH TOWELS INVOICE NO. T-177/2017 SERVICE CONTRACT NO. SC 68839"
20180101209,EGHU9014230,1,,"HS CODE TOWELS 6302.60.0020 BATH MAT 5702.49.1080 FORM ""E"" NO. JSB-2017-0000015315 DATED-25-10-2017"
20180101210,NC,1,1,ONE OLD AND USED UNIT CRAWLER PIPLAYER/ PIP ERBENDER TECNOMAIL PT1830 S/N 1012
20180101211,NC,1,1,USED 1992 CAT D9N TRACTOR SOBRE ORUGAS/ CRALE R TRACTOR S/N 1JD0380 LOSE BLADE
20180101211,NC,2,1,LOOSE BLADE FOR D9
20180101212,NC,1,3,UNIT TRLR STRG BULK VIN: 1W9AB4712CM257339 VIN: 1W9AB4718CM257328 VIN: 1W9AB4710CM2 57324
20180101213,APHU6724463,1,168,415 CARTONS = 460 PCS OF TEAK GARDEN FURNITURE HS CODE : 9403.60.90.00
20180101213,FCIU8827588,1,152,415 CARTONS = 460 PCS OF TEAK GARDEN FURNITURE HS CODE : 9403.60.90.00
20180101213,ECMU9782823,1,1,415 CARTONS = 460 PCS OF TEAK GARDEN FURNITURE HS CODE : 9403.60.90.00
20180101214,CMAU5846470,1,27,(FIVE HUNDRED FOURTEEN BOXES ONLY) 27 PALLETS OF 514 BOXES CONTAINING SYNTHETIC ORGANIC COLOURING MATTER 1. PROCION CARMINE XL+ PO NO. 4500186929 DT.14/08/2017 PROCION BRILLIENT RED XL+ PO NO.4500186929 DT.14/08/2017
20180101214,CMAU5846470,1,,4500186930 DT.14/08/2017 H.S.CODE:32041630
20180101215,SUDU7463367,1,8,MINERALS & STONES
20180101216,TCKU1648149,1,8,MINERALS & STONES
20180101217,HASU1184629,1,8,MINERALS & STONES
20180101218,MSCU3168144,1,18,UNPOLISHED GRANITE
20180101218,FCIU3793227,1,22,UNPOLISHED GRANITE
20180101218,MEDU6605814,1,,GRANITE COBBLE STONES
20180101218,MEDU1141433,1,,GRANITE COBBLE STONES
20180101219,MSCU9318452,1,17,300 LITER CAPACITY GELATIN HOLDING TANK 1200 LITER GELATIN MELTER REDUCTION GEARS PLATFORM 1 PLATFORM 2 STAIRS SAFTY FENCE
20180101219,MSCU9318452,1,,SANITARY MEDICINE TRANSFER PUMP
20180101220,BMOU4572747,1,416,SHIPPERS LOAD AND COUNT TOTAL FOUR HUNDRED AND SIXTEEN 416 CARTONS OF TOYS IN 1X40HC CO NTAINER FREIGHT COLLECT H.S. CODE 9503.00. 9900 SHIPPED ON BOARD BUXMELODY V.1631090N O N 02 NOV 2017 AT PORT KLANG MALAYSIA CONNECTI NG MV CHICAGO V.2
20180101221,CCLU7811188,1,126,WOODEN FURNITURE
20180101222,FSCU8817378,1,175,ROPES 3 STRAND POLYPROPYLENE ROPES
20180101223,MSCU9318452,1,17,"300 LITER CAPACITY GELATIN HOLDING TANK 1200 LITER GELATIN MELTER REDUCTION GEARS PLATFORM 1 PLATFORM 2 STAIRS SAFTY FENCE SANITARY MED ICINE TRANSFER PUMP THIS SHIPMENT CONTAINS NO SOLID WOOD PACKING MATERIALS S/C:17-353TPC-1 565 NAC: GIC ENGINEERING,INC COMM:MEDICAL SUP PLIES CY TO CY"
20180101224,BMOU4572747,1,416,TOYS 416 CARTON TOYS IN 1X40'HC CONTAINER . FREIGHT COLLECT H.S. CODE 9503.00.9900 SHIPPED ON BOARD BUXMELODY V.1631-090N
20180101224,BMOU4572747,1,,ON 02 NOV 2017 AT PORT KLANG MALAYSIA CONNECTING MV CHICAGO V.245PGE AT SINGAPORE @PHONE 603-588-8808 FAX 603-616-0015 EMAIL USGATEWAY.CHICAGO@UPS.COM
20180101225,DRYU2667715,1,14,"SPANNER,DROP FORGED HAND TOOLS CHROME TOTAL 1440 CARTONS ONLY SPANNER,DROP FORGED HAND TOOLS CHROME PLATED UNDER US CUSTOMS CLASSIFICATION # 8204-11-0030 MADE OF ALLOY STEEL SB# 9125465 DT.06/10/2017 INV# DT-17-4783 DT.19/09/2017"
20180101225,DRYU2667715,1,,NET WT 17136.000 KGS H.S.CODE 8204110030
20180101226,SEGU1794218,1,9,"37 SLABS OF STONES WITH 223,582 M2 80 SAMPLES PIECES MEASURING OF 4 X4 . THESE ARE FREE TRADE SAMPLES NO COMMERCIAL VALUE 0,800 M2"
20180101227,NC,1,9,OXYGEN & ACETYLENE
20180101228,FSCU8817378,1,175,CORDAGE
20180101229,DFSU1579884,1,8,POLISHED SLABS
20180101230,NC,1,1,"PIECE BOWL, ROTARY SPIDER TAZA PARA CUNA TIPO ARANA P/N 260903 S/N 4043 DIMS: 1.33 X 1.17 X 0.60 MTS HTS 8431390050 HBL BANQ MAR0005218 CARGO IN TRANSIT THROUGH HOUSTON, TEXAS TO POINT LISAS, TRINIDAD AND TOBAGO ALL GOODS IN USED CONDITION FREIGHT COLLECT"
20180101231,OOCU6960421,1,90,VENT STICK CLIP STRIP
20180101232,ECMU9586060,1,18,R/C MERANTI PLYWOOD
20180101232,CMAU7158610,1,18,R/C MERANTI PLYWOOD
20180101233,OOCU6960421,1,90,VENT STICK CLIP STRIP
20180101234,RFCU2082940,1,18,CARBON STEEL FORGED FLANGES
20180101235,TGHU9783922,1,10,NAPKIN PAPER
20180101236,TGHU9265081,1,0,WOODEN FURNITURE 1 X 40'HC CONTAINER 100 CTNS = 100 PCS = 65.9840 CBM OF WOODEN FURNITURE PO. NUMBER 000730 + 000731 + 000732 SHIP TO PO#1359315 + 1358541 + C687308
20180101236,TGHU9265081,1,,"NET WEIGHT 4,002.70 KGS SHIP TO ZENITH OCEAN SHIPPER ASSOCIATION 210 DEHART MOTOR TERMINAL RD, SW CONOVER, NC 28613 ATTN BRIAN BAIERS FAX 828-465-7398 INTLOPS@ZENITHCOMPANIES.COM"
20180101237,TGHU2187135,1,792,(22 PALLETS) STAINLESS STEEL SCREWS
20180101237,TCKU3959690,1,729,(20 PALLETS) STAINLESS STEEL SCREWS
20180101237,MEDU1335824,1,684,(19 PALLETS) STAINLESS STEEL SCREWS
20180101237,TCLU2974276,1,792,(22 PALLETS) STAINLESS STEEL SCREWS
20180101237,BMOU2706169,1,756,(21 PALLETS) STAINLESS STEEL SCREWS
20180101237,MSCU3235480,1,7,(20 PALLETS) STAINLESS STEEL SCREWS
20180101237,MSCU6878089,1,684,(19 PALLETS) STAINLESS STEEL SCREWS
20180101238,CMAU1968275,1,9,POLISHED ORNAMENTAL STONES